customer_id,customer_name,city
2001,Customer_2001,Mumbai
2002,Customer_2002,Chennai
2003,Customer_2003,Delhi
2004,Customer_2004,Delhi
2005,Customer_2005,Pune
2006,Customer_2006,Chennai
2007,Customer_2007,Delhi
2008,Customer_2008,Bangalore
2009,Customer_2009,Pune
2010,Customer_2010,Pune
2011,Customer_2011,Chennai
2012,Customer_2012,Delhi
2013,Customer_2013,Pune
2014,Customer_2014,Bangalore
2015,Customer_2015,Pune
2016,Customer_2016,Chennai
2017,Customer_2017,Delhi
2018,Customer_2018,Pune
2019,Customer_2019,Delhi
2020,Customer_2020,Delhi
2021,Customer_2021,Pune
2022,Customer_2022,Delhi
2023,Customer_2023,Delhi
2024,Customer_2024,Bangalore
2025,Customer_2025,Pune
2026,Customer_2026,Bangalore
2027,Customer_2027,Chennai
2028,Customer_2028,Mumbai
2029,Customer_2029,Delhi
2030,Customer_2030,Pune
2031,Customer_2031,Bangalore
2032,Customer_2032,Delhi
2033,Customer_2033,Pune
2034,Customer_2034,Chennai
2035,Customer_2035,Bangalore
2036,Customer_2036,Mumbai
2037,Customer_2037,Mumbai
2038,Customer_2038,Bangalore
2039,Customer_2039,Delhi
2040,Customer_2040,Bangalore
2041,Customer_2041,Delhi
2042,Customer_2042,Pune
2043,Customer_2043,Chennai
2044,Customer_2044,Pune
2045,Customer_2045,Delhi
2046,Customer_2046,Mumbai
2047,Customer_2047,Chennai
2048,Customer_2048,Pune
2049,Customer_2049,Bangalore
2050,Customer_2050,Bangalore
2051,Customer_2051,Bangalore
2052,Customer_2052,Chennai
2053,Customer_2053,Delhi
2054,Customer_2054,Chennai
2055,Customer_2055,Mumbai
2056,Customer_2056,Bangalore
2057,Customer_2057,Mumbai
2058,Customer_2058,Bangalore
2059,Customer_2059,Pune
2060,Customer_2060,Chennai
2061,Customer_2061,Chennai
2062,Customer_2062,Bangalore
2063,Customer_2063,Delhi
2064,Customer_2064,Pune
2065,Customer_2065,Delhi
2066,Customer_2066,Bangalore
2067,Customer_2067,Mumbai
2068,Customer_2068,Delhi
2069,Customer_2069,Chennai
2070,Customer_2070,Bangalore
2071,Customer_2071,Bangalore
2072,Customer_2072,Pune
2073,Customer_2073,Delhi
2074,Customer_2074,Pune
2075,Customer_2075,Bangalore
2076,Customer_2076,Pune
2077,Customer_2077,Pune
2078,Customer_2078,Bangalore
2079,Customer_2079,Pune
2080,Customer_2080,Chennai
2081,Customer_2081,Pune
2082,Customer_2082,Pune
2083,Customer_2083,Chennai
2084,Customer_2084,Bangalore
2085,Customer_2085,Delhi
2086,Customer_2086,Pune
2087,Customer_2087,Mumbai
2088,Customer_2088,Pune
2089,Customer_2089,Chennai
2090,Customer_2090,Delhi
2091,Customer_2091,Mumbai
2092,Customer_2092,Pune
2093,Customer_2093,Pune
2094,Customer_2094,Chennai
2095,Customer_2095,Bangalore
2096,Customer_2096,Pune
2097,Customer_2097,Pune
2098,Customer_2098,Pune
2099,Customer_2099,Delhi
2100,Customer_2100,Bangalore
2101,Customer_2101,Chennai
2102,Customer_2102,Mumbai
2103,Customer_2103,Mumbai
2104,Customer_2104,Delhi
2105,Customer_2105,Bangalore
2106,Customer_2106,Mumbai
2107,Customer_2107,Delhi
2108,Customer_2108,Mumbai
2109,Customer_2109,Delhi
2110,Customer_2110,Mumbai
2111,Customer_2111,Pune
2112,Customer_2112,Pune
2113,Customer_2113,Pune
2114,Customer_2114,Mumbai
2115,Customer_2115,Bangalore
2116,Customer_2116,Chennai
2117,Customer_2117,Chennai
2118,Customer_2118,Chennai
2119,Customer_2119,Delhi
2120,Customer_2120,Pune
2121,Customer_2121,Delhi
2122,Customer_2122,Delhi
2123,Customer_2123,Bangalore
2124,Customer_2124,Pune
2125,Customer_2125,Pune
2126,Customer_2126,Delhi
2127,Customer_2127,Delhi
2128,Customer_2128,Mumbai
2129,Customer_2129,Chennai
2130,Customer_2130,Bangalore
2131,Customer_2131,Chennai
2132,Customer_2132,Delhi
2133,Customer_2133,Mumbai
2134,Customer_2134,Chennai
2135,Customer_2135,Bangalore
2136,Customer_2136,Bangalore
2137,Customer_2137,Delhi
2138,Customer_2138,Bangalore
2139,Customer_2139,Pune
2140,Customer_2140,Pune
2141,Customer_2141,Delhi
2142,Customer_2142,Delhi
2143,Customer_2143,Bangalore
2144,Customer_2144,Mumbai
2145,Customer_2145,Delhi
2146,Customer_2146,Bangalore
2147,Customer_2147,Mumbai
2148,Customer_2148,Chennai
2149,Customer_2149,Pune
2150,Customer_2150,Bangalore
2151,Customer_2151,Chennai
2152,Customer_2152,Chennai
2153,Customer_2153,Delhi
2154,Customer_2154,Chennai
2155,Customer_2155,Pune
2156,Customer_2156,Mumbai
2157,Customer_2157,Delhi
2158,Customer_2158,Chennai
2159,Customer_2159,Bangalore
2160,Customer_2160,Pune
2161,Customer_2161,Mumbai
2162,Customer_2162,Bangalore
2163,Customer_2163,Mumbai
2164,Customer_2164,Delhi
2165,Customer_2165,Delhi
2166,Customer_2166,Pune
2167,Customer_2167,Chennai
2168,Customer_2168,Delhi
2169,Customer_2169,Pune
2170,Customer_2170,Bangalore
2171,Customer_2171,Delhi
2172,Customer_2172,Mumbai
2173,Customer_2173,Mumbai
2174,Customer_2174,Delhi
2175,Customer_2175,Mumbai
2176,Customer_2176,Mumbai
2177,Customer_2177,Delhi
2178,Customer_2178,Bangalore
2179,Customer_2179,Mumbai
2180,Customer_2180,Pune
2181,Customer_2181,Delhi
2182,Customer_2182,Mumbai
2183,Customer_2183,Delhi
2184,Customer_2184,Delhi
2185,Customer_2185,Delhi
2186,Customer_2186,Bangalore
2187,Customer_2187,Chennai
2188,Customer_2188,Mumbai
2189,Customer_2189,Pune
2190,Customer_2190,Delhi
2191,Customer_2191,Delhi
2192,Customer_2192,Mumbai
2193,Customer_2193,Mumbai
2194,Customer_2194,Chennai
2195,Customer_2195,Pune
2196,Customer_2196,Mumbai
2197,Customer_2197,Chennai
2198,Customer_2198,Chennai
2199,Customer_2199,Mumbai
2200,Customer_2200,Mumbai
2201,Customer_2201,Pune
2202,Customer_2202,Pune
2203,Customer_2203,Mumbai
2204,Customer_2204,Bangalore
2205,Customer_2205,Pune
2206,Customer_2206,Mumbai
2207,Customer_2207,Delhi
2208,Customer_2208,Delhi
2209,Customer_2209,Chennai
2210,Customer_2210,Delhi
2211,Customer_2211,Pune
2212,Customer_2212,Pune
2213,Customer_2213,Delhi
2214,Customer_2214,Pune
2215,Customer_2215,Chennai
2216,Customer_2216,Chennai
2217,Customer_2217,Bangalore
2218,Customer_2218,Delhi
2219,Customer_2219,Delhi
2220,Customer_2220,Bangalore
2221,Customer_2221,Mumbai
2222,Customer_2222,Pune
2223,Customer_2223,Mumbai
2224,Customer_2224,Pune
2225,Customer_2225,Pune
2226,Customer_2226,Mumbai
2227,Customer_2227,Mumbai
2228,Customer_2228,Bangalore
2229,Customer_2229,Bangalore
2230,Customer_2230,Bangalore
2231,Customer_2231,Mumbai
2232,Customer_2232,Delhi
2233,Customer_2233,Pune
2234,Customer_2234,Bangalore
2235,Customer_2235,Bangalore
2236,Customer_2236,Pune
2237,Customer_2237,Bangalore
2238,Customer_2238,Bangalore
2239,Customer_2239,Mumbai
2240,Customer_2240,Pune
2241,Customer_2241,Chennai
2242,Customer_2242,Bangalore
2243,Customer_2243,Delhi
2244,Customer_2244,Pune
2245,Customer_2245,Pune
2246,Customer_2246,Mumbai
2247,Customer_2247,Mumbai
2248,Customer_2248,Chennai
2249,Customer_2249,Bangalore
2250,Customer_2250,Pune
2251,Customer_2251,Pune
2252,Customer_2252,Pune
2253,Customer_2253,Delhi
2254,Customer_2254,Pune
2255,Customer_2255,Pune
2256,Customer_2256,Bangalore
2257,Customer_2257,Bangalore
2258,Customer_2258,Mumbai
2259,Customer_2259,Pune
2260,Customer_2260,Delhi
2261,Customer_2261,Delhi
2262,Customer_2262,Mumbai
2263,Customer_2263,Chennai
2264,Customer_2264,Pune
2265,Customer_2265,Bangalore
2266,Customer_2266,Delhi
2267,Customer_2267,Chennai
2268,Customer_2268,Mumbai
2269,Customer_2269,Mumbai
2270,Customer_2270,Chennai
2271,Customer_2271,Mumbai
2272,Customer_2272,Chennai
2273,Customer_2273,Bangalore
2274,Customer_2274,Bangalore
2275,Customer_2275,Delhi
2276,Customer_2276,Pune
2277,Customer_2277,Delhi
2278,Customer_2278,Bangalore
2279,Customer_2279,Mumbai
2280,Customer_2280,Bangalore
2281,Customer_2281,Bangalore
2282,Customer_2282,Delhi
2283,Customer_2283,Bangalore
2284,Customer_2284,Delhi
2285,Customer_2285,Pune
2286,Customer_2286,Mumbai
2287,Customer_2287,Delhi
2288,Customer_2288,Pune
2289,Customer_2289,Pune
2290,Customer_2290,Chennai
2291,Customer_2291,Pune
2292,Customer_2292,Delhi
2293,Customer_2293,Pune
2294,Customer_2294,Chennai
2295,Customer_2295,Bangalore
2296,Customer_2296,Mumbai
2297,Customer_2297,Chennai
2298,Customer_2298,Mumbai
2299,Customer_2299,Chennai
2300,Customer_2300,Chennai
